2020-09-18 11:37:28 +0200,online
2020-09-18 11:47:32 +0200,online
2020-09-18 11:57:33 +0200,online
2020-09-18 12:07:33 +0200,online
2020-09-18 12:17:33 +0200,online
2020-09-18 12:27:33 +0200,online
2020-09-18 12:37:33 +0200,online
2020-09-18 12:47:33 +0200,online
2020-09-18 12:57:33 +0200,online
2020-09-18 13:07:33 +0200,online
2020-09-18 13:17:33 +0200,online
2020-09-18 13:27:33 +0200,online
2020-09-18 13:37:33 +0200,online
2020-09-18 13:47:33 +0200,online
2020-09-18 13:57:33 +0200,online
2020-09-18 14:07:33 +0200,online
2020-09-18 14:17:33 +0200,online
2020-09-18 14:27:33 +0200,online
2020-09-18 14:37:34 +0200,online
2020-09-18 14:47:34 +0200,online
2020-09-18 14:57:34 +0200,online
2020-09-18 15:07:34 +0200,online
2020-09-18 15:17:34 +0200,online
2020-09-18 15:27:34 +0200,online
2020-09-18 15:37:34 +0200,online
2020-09-18 15:47:34 +0200,online
2020-09-18 15:57:34 +0200,online
2020-09-18 16:07:34 +0200,online
2020-09-18 16:17:34 +0200,online
2020-09-18 16:27:34 +0200,online
2020-09-18 16:37:34 +0200,online
2020-09-18 16:47:34 +0200,online
2020-09-18 16:57:34 +0200,online
2020-09-18 17:07:34 +0200,online
2020-09-18 17:17:35 +0200,online
2020-09-18 17:27:35 +0200,online
2020-09-18 17:37:35 +0200,online
2020-09-18 17:47:35 +0200,online
2020-09-18 17:57:35 +0200,online
2020-09-18 18:07:35 +0200,online
2020-09-18 18:17:35 +0200,online
2020-09-18 18:27:35 +0200,online
2020-09-18 18:37:35 +0200,online
2020-09-18 18:47:35 +0200,online
2020-09-18 18:57:35 +0200,online
2020-09-18 19:07:35 +0200,online
2020-09-18 19:17:35 +0200,online
2020-09-18 19:27:35 +0200,online
2020-09-18 19:37:35 +0200,online
2020-09-18 19:47:35 +0200,online
2020-09-18 19:57:36 +0200,online
2020-09-18 20:07:36 +0200,online
2020-09-18 20:17:36 +0200,online
2020-09-18 20:27:36 +0200,online
2020-09-18 20:37:36 +0200,online
2020-09-18 20:47:36 +0200,online
2020-09-18 20:57:36 +0200,online
2020-09-18 21:07:36 +0200,online
2020-09-18 21:17:36 +0200,online
2020-09-18 21:27:36 +0200,online
2020-09-18 21:37:51 +0200,online
2020-09-18 21:47:36 +0200,online
2020-09-18 21:57:36 +0200,online
2020-09-18 22:07:36 +0200,online
2020-09-18 22:17:36 +0200,online
2020-09-18 22:27:37 +0200,online
2020-09-18 22:37:37 +0200,online
2020-09-18 22:47:37 +0200,online
2020-09-18 22:57:37 +0200,online
2020-09-18 23:07:37 +0200,online
2020-09-18 23:17:37 +0200,online
2020-09-18 23:27:37 +0200,online
2020-09-18 23:37:37 +0200,online
2020-09-18 23:47:37 +0200,online
2020-09-18 23:57:37 +0200,online
2020-09-19 00:07:37 +0200,online
2020-09-19 00:17:37 +0200,online
2020-09-19 00:27:37 +0200,online
2020-09-19 00:37:37 +0200,online
2020-09-19 00:47:37 +0200,online
2020-09-19 00:57:37 +0200,online
2020-09-19 01:07:38 +0200,online
2020-09-19 01:17:38 +0200,online
2020-09-19 01:27:38 +0200,online
2020-09-19 01:37:38 +0200,online
2020-09-19 01:47:38 +0200,online
2020-09-19 01:57:38 +0200,online
2020-09-19 02:07:38 +0200,online
2020-09-19 02:17:38 +0200,online
2020-09-19 02:27:38 +0200,online
2020-09-19 02:37:38 +0200,online
2020-09-19 02:47:38 +0200,online
2020-09-19 02:57:38 +0200,online
2020-09-19 03:07:38 +0200,online
2020-09-19 03:17:38 +0200,online
2020-09-19 03:27:38 +0200,online
2020-09-19 03:37:38 +0200,online
2020-09-19 03:47:39 +0200,online
2020-09-19 03:57:39 +0200,online
2020-09-19 04:07:39 +0200,online
2020-09-19 04:17:39 +0200,online
2020-09-19 04:27:39 +0200,online
2020-09-19 04:37:39 +0200,online
2020-09-19 04:47:39 +0200,online
2020-09-19 04:57:39 +0200,online
2020-09-19 05:07:39 +0200,online
2020-09-19 05:17:39 +0200,online
2020-09-19 05:27:39 +0200,online
2020-09-19 05:37:39 +0200,online
2020-09-19 05:47:39 +0200,online
2020-09-19 05:57:39 +0200,online
2020-09-19 06:07:39 +0200,online
2020-09-19 06:17:40 +0200,online
2020-09-19 06:27:40 +0200,online
2020-09-19 06:37:40 +0200,online
2020-09-19 06:47:40 +0200,online
2020-09-19 06:57:40 +0200,online
2020-09-19 07:07:40 +0200,online
2020-09-19 07:17:40 +0200,online
2020-09-19 07:27:40 +0200,online
2020-09-19 07:37:40 +0200,online
2020-09-19 07:47:40 +0200,online
2020-09-19 07:57:40 +0200,online
2020-09-19 08:07:40 +0200,online
2020-09-19 08:17:40 +0200,online
2020-09-19 08:27:40 +0200,online
2020-09-19 08:37:40 +0200,online
2020-09-19 08:47:41 +0200,online
2020-09-19 08:57:41 +0200,online
2020-09-19 09:07:41 +0200,online
2020-09-19 09:17:41 +0200,online
2020-09-19 09:27:41 +0200,online
2020-09-19 09:37:41 +0200,online
2020-09-19 09:47:41 +0200,online
2020-09-19 09:57:41 +0200,online
2020-09-19 10:07:41 +0200,online
2020-09-19 10:17:41 +0200,online
2020-09-19 10:27:41 +0200,online
2020-09-19 10:37:41 +0200,online
2020-09-19 10:47:41 +0200,online
2020-09-19 10:57:41 +0200,online
2020-09-19 11:07:41 +0200,online
2020-09-19 11:17:41 +0200,online
2020-09-19 11:27:41 +0200,online
2020-09-19 11:37:42 +0200,online
2020-09-19 11:47:42 +0200,online
2020-09-19 11:57:42 +0200,online
2020-09-19 12:07:42 +0200,online
2020-09-19 12:17:42 +0200,online
2020-09-19 12:27:42 +0200,online
2020-09-19 12:37:42 +0200,online
2020-09-19 12:47:42 +0200,online
2020-09-19 12:57:42 +0200,online
2020-09-19 13:07:42 +0200,online
2020-09-19 13:17:42 +0200,online
2020-09-19 13:27:42 +0200,online
2020-09-19 13:37:42 +0200,online
2020-09-19 13:47:42 +0200,online
2020-09-19 13:57:42 +0200,online
2020-09-19 14:07:43 +0200,online
2020-09-19 14:17:43 +0200,online
2020-09-19 14:27:43 +0200,online
2020-09-19 14:37:43 +0200,online
2020-09-19 14:47:43 +0200,online
2020-09-19 14:57:43 +0200,online
2020-09-19 15:07:43 +0200,online
2020-09-19 15:17:43 +0200,online
2020-09-19 15:27:43 +0200,online
2020-09-19 15:37:43 +0200,online
2020-09-19 15:47:43 +0200,online
2020-09-19 15:57:43 +0200,online
2020-09-19 16:07:43 +0200,online
2020-09-19 16:17:43 +0200,online
2020-09-19 16:27:43 +0200,online
2020-09-19 16:37:43 +0200,online
2020-09-19 16:47:44 +0200,online
2020-09-19 16:57:44 +0200,online
2020-09-19 17:07:44 +0200,online
2020-09-19 17:17:44 +0200,online
2020-09-19 17:27:44 +0200,online
2020-09-19 17:37:44 +0200,online
2020-09-19 17:47:45 +0200,online
2020-09-19 17:57:44 +0200,online
2020-09-19 18:07:44 +0200,online
2020-09-19 18:17:44 +0200,online
2020-09-19 18:27:44 +0200,online
2020-09-19 18:37:44 +0200,online
2020-09-19 18:47:44 +0200,online
2020-09-19 18:57:44 +0200,online
2020-09-19 19:07:44 +0200,online
2020-09-19 19:17:45 +0200,online
2020-09-19 19:27:45 +0200,online
2020-09-19 19:37:45 +0200,online
2020-09-19 19:47:45 +0200,online
2020-09-19 19:57:45 +0200,online
2020-09-19 20:07:45 +0200,online
2020-09-19 20:17:45 +0200,online
2020-09-19 20:27:45 +0200,online
2020-09-19 20:37:45 +0200,online
2020-09-19 20:47:45 +0200,online
2020-09-19 20:57:45 +0200,online
2020-09-19 21:07:45 +0200,online
2020-09-19 21:17:45 +0200,online
2020-09-19 21:27:45 +0200,online
2020-09-19 21:37:45 +0200,online
2020-09-19 21:47:45 +0200,online
2020-09-19 21:57:46 +0200,online
2020-09-19 22:07:46 +0200,online
2020-09-19 22:17:46 +0200,online
2020-09-19 22:27:46 +0200,online
2020-09-19 22:37:46 +0200,online
2020-09-19 22:47:46 +0200,online
2020-09-19 22:57:46 +0200,online
2020-09-19 23:07:46 +0200,online
2020-09-19 23:17:46 +0200,online
2020-09-19 23:27:46 +0200,online
2020-09-19 23:37:46 +0200,online
2020-09-19 23:47:46 +0200,online
2020-09-19 23:57:46 +0200,online
2020-09-20 00:07:46 +0200,online
2020-09-20 00:17:47 +0200,online
2020-09-20 00:27:47 +0200,online
2020-09-20 00:37:47 +0200,online
2020-09-20 00:47:47 +0200,online
2020-09-20 00:57:47 +0200,online
2020-09-20 01:07:47 +0200,online
2020-09-20 01:17:47 +0200,online
2020-09-20 01:27:47 +0200,online
2020-09-20 01:37:47 +0200,online
2020-09-20 01:47:47 +0200,online
2020-09-20 01:57:47 +0200,online
2020-09-20 02:07:47 +0200,online
2020-09-20 02:17:47 +0200,online
2020-09-20 02:27:47 +0200,online
2020-09-20 02:37:47 +0200,online
2020-09-20 02:47:47 +0200,online
2020-09-20 02:57:47 +0200,online
2020-09-20 03:07:47 +0200,online
2020-09-20 03:17:48 +0200,online
2020-09-20 03:27:48 +0200,online
2020-09-20 03:37:48 +0200,online
2020-09-20 03:47:48 +0200,online
2020-09-20 03:57:48 +0200,online
2020-09-20 04:07:48 +0200,online
2020-09-20 04:17:48 +0200,online
2020-09-20 04:27:48 +0200,online
2020-09-20 04:37:48 +0200,online
2020-09-20 04:47:48 +0200,online
2020-09-20 04:57:48 +0200,online
2020-09-20 05:07:48 +0200,online
2020-09-20 05:17:48 +0200,online
2020-09-20 05:27:48 +0200,online
2020-09-20 05:37:48 +0200,online
2020-09-20 05:47:48 +0200,online
2020-09-20 05:57:49 +0200,online
2020-09-20 06:07:49 +0200,online
2020-09-20 06:17:49 +0200,online
2020-09-20 06:27:49 +0200,online
2020-09-20 06:37:49 +0200,online
2020-09-20 06:47:49 +0200,online
2020-09-20 06:57:49 +0200,online
2020-09-20 07:07:49 +0200,online
2020-09-20 07:17:49 +0200,online
2020-09-20 07:27:49 +0200,online
2020-09-20 07:37:49 +0200,online
2020-09-20 07:47:49 +0200,online
2020-09-20 07:57:49 +0200,online
2020-09-20 08:07:49 +0200,online
2020-09-20 08:17:49 +0200,online
2020-09-20 08:27:49 +0200,online
2020-09-20 08:37:50 +0200,online
2020-09-20 08:47:50 +0200,online
2020-09-20 08:57:50 +0200,online
2020-09-20 09:07:50 +0200,online
2020-09-20 09:17:50 +0200,online
2020-09-20 09:27:50 +0200,online
2020-09-20 09:37:50 +0200,online
2020-09-20 09:47:50 +0200,online
2020-09-20 09:57:50 +0200,online
2020-09-20 10:07:50 +0200,online
2020-09-20 10:17:50 +0200,online
2020-09-20 10:27:50 +0200,online
2020-09-20 10:37:50 +0200,online
2020-09-20 10:47:50 +0200,online
2020-09-20 10:57:51 +0200,online
2020-09-20 11:07:51 +0200,online
2020-09-20 11:17:51 +0200,online
2020-09-20 11:27:51 +0200,online
2020-09-20 11:37:51 +0200,online
2020-09-20 11:47:51 +0200,online
2020-09-20 11:57:51 +0200,online
2020-09-20 12:07:51 +0200,online
2020-09-20 12:17:51 +0200,online
2020-09-20 12:27:51 +0200,online
2020-09-20 12:37:51 +0200,online
2020-09-20 12:47:51 +0200,online
2020-09-20 12:57:51 +0200,online
2020-09-20 13:07:51 +0200,online
2020-09-20 13:17:51 +0200,online
2020-09-20 13:27:51 +0200,online
2020-09-20 13:37:52 +0200,online
2020-09-20 13:47:52 +0200,online
2020-09-20 13:57:52 +0200,online
2020-09-20 14:07:52 +0200,online
2020-09-20 14:17:52 +0200,online
2020-09-20 14:27:52 +0200,online
2020-09-20 14:37:52 +0200,online
2020-09-20 14:47:52 +0200,online
2020-09-20 14:57:52 +0200,online
2020-09-20 15:07:52 +0200,online
2020-09-20 15:17:52 +0200,online
2020-09-20 15:27:52 +0200,online
2020-09-20 15:37:52 +0200,online
2020-09-20 15:47:55 +0200,online
2020-09-20 15:57:52 +0200,online
2020-09-20 16:07:52 +0200,online
2020-09-20 16:17:53 +0200,online
2020-09-20 16:27:53 +0200,online
2020-09-20 16:37:53 +0200,online
2020-09-20 16:47:53 +0200,online
2020-09-20 16:57:53 +0200,online
2020-09-20 17:07:53 +0200,online
2020-09-20 17:17:53 +0200,online
2020-09-20 17:27:53 +0200,online
2020-09-20 17:37:53 +0200,online
2020-09-20 17:47:53 +0200,online
2020-09-20 17:57:53 +0200,online
2020-09-20 18:07:53 +0200,online
2020-09-20 18:17:53 +0200,online
2020-09-20 18:27:53 +0200,online
2020-09-20 18:37:53 +0200,online
2020-09-20 18:47:54 +0200,online
2020-09-20 18:57:54 +0200,online
2020-09-20 19:07:55 +0200,online
2020-09-20 19:17:55 +0200,online
2020-09-20 19:27:55 +0200,online
2020-09-20 19:37:55 +0200,online
2020-09-20 19:47:55 +0200,online
2020-09-20 19:57:55 +0200,online
2020-09-20 20:07:55 +0200,online
2020-09-20 20:17:55 +0200,online
2020-09-20 20:27:55 +0200,online
2020-09-20 20:37:55 +0200,online
2020-09-20 20:47:55 +0200,online
2020-09-20 20:57:55 +0200,online
2020-09-20 21:07:55 +0200,online
2020-09-20 21:17:55 +0200,online
2020-09-20 21:27:56 +0200,online
2020-09-20 21:37:56 +0200,online
2020-09-20 21:47:56 +0200,online
2020-09-20 21:57:56 +0200,online
2020-09-20 22:07:56 +0200,online
2020-09-20 22:17:56 +0200,online
2020-09-20 22:27:56 +0200,online
2020-09-20 22:37:56 +0200,online
2020-09-20 22:47:56 +0200,online
2020-09-20 22:57:56 +0200,online
2020-09-20 23:07:56 +0200,online
2020-09-20 23:17:56 +0200,online
2020-09-20 23:27:56 +0200,online
2020-09-20 23:37:56 +0200,online
2020-09-20 23:47:56 +0200,online
2020-09-20 23:57:57 +0200,online
2020-09-21 00:07:57 +0200,online
2020-09-21 00:17:57 +0200,online
2020-09-21 00:27:57 +0200,online
2020-09-21 00:37:57 +0200,online
2020-09-21 00:47:57 +0200,online
2020-09-21 00:57:57 +0200,online
2020-09-21 01:07:57 +0200,online
2020-09-21 01:17:57 +0200,online
2020-09-21 01:27:57 +0200,online
2020-09-21 01:37:57 +0200,online
2020-09-21 01:47:57 +0200,online
2020-09-21 01:57:57 +0200,online
2020-09-21 02:07:57 +0200,online
2020-09-21 02:17:57 +0200,online
2020-09-21 02:27:57 +0200,online
2020-09-21 02:37:58 +0200,online
2020-09-21 02:47:58 +0200,online
2020-09-21 02:57:58 +0200,online
2020-09-21 03:07:58 +0200,online
2020-09-21 03:17:58 +0200,online
2020-09-21 03:27:58 +0200,online
2020-09-21 03:37:58 +0200,online
2020-09-21 03:47:58 +0200,online
2020-09-21 03:57:58 +0200,online
2020-09-21 04:07:58 +0200,online
2020-09-21 04:17:58 +0200,online
2020-09-21 04:27:58 +0200,online
2020-09-21 04:37:58 +0200,online
2020-09-21 04:47:58 +0200,online
2020-09-21 04:57:58 +0200,online
2020-09-21 05:07:59 +0200,online
2020-09-21 05:17:59 +0200,online
2020-09-21 05:27:59 +0200,online
2020-09-21 05:37:59 +0200,online
2020-09-21 05:47:59 +0200,online
2020-09-21 05:57:59 +0200,online
2020-09-21 06:07:59 +0200,online
2020-09-21 06:17:59 +0200,online
2020-09-21 06:27:59 +0200,online
2020-09-21 06:37:59 +0200,online
2020-09-21 06:47:59 +0200,online
2020-09-21 06:57:59 +0200,online
2020-09-21 07:07:59 +0200,online
2020-09-21 07:17:59 +0200,online
2020-09-21 07:27:59 +0200,online
2020-09-21 07:37:59 +0200,online
2020-09-21 07:48:00 +0200,online
2020-09-21 07:58:00 +0200,online
2020-09-21 08:08:00 +0200,online
2020-09-21 08:18:00 +0200,online
2020-09-21 08:28:00 +0200,online
2020-09-21 08:38:00 +0200,online
2020-09-21 08:48:00 +0200,online
2020-09-21 08:58:00 +0200,online
2020-09-21 09:08:00 +0200,online
2020-09-21 09:18:00 +0200,online
2020-09-21 09:28:00 +0200,online
2020-09-21 09:38:00 +0200,online
2020-09-21 09:48:00 +0200,online
2020-09-21 09:58:00 +0200,online
2020-09-21 10:08:00 +0200,online
2020-09-21 10:18:00 +0200,online
2020-09-21 10:28:01 +0200,online
2020-09-21 10:38:01 +0200,online
2020-09-21 10:48:01 +0200,online
2020-09-21 10:58:01 +0200,online
2020-09-21 11:08:01 +0200,online
2020-09-21 11:18:01 +0200,online
2020-09-21 11:28:01 +0200,online
2020-09-21 11:38:01 +0200,online
2020-09-21 11:48:01 +0200,online
2020-09-21 11:58:01 +0200,online
2020-09-21 12:08:01 +0200,online
2020-09-21 12:18:01 +0200,online
2020-09-21 12:28:01 +0200,online
2020-09-21 12:38:01 +0200,online
2020-09-21 12:48:02 +0200,online
2020-09-21 12:58:02 +0200,online
2020-09-21 13:08:02 +0200,online
2020-09-21 13:18:02 +0200,online
2020-09-21 13:28:02 +0200,online
2020-09-21 13:38:02 +0200,online
2020-09-21 13:48:02 +0200,online
2020-09-21 13:58:02 +0200,online
2020-09-21 14:08:02 +0200,online
2020-09-21 14:18:02 +0200,online
2020-09-21 14:28:02 +0200,online
2020-09-21 14:38:02 +0200,online
2020-09-21 14:48:02 +0200,online
2020-09-21 14:58:02 +0200,online
2020-09-21 15:08:02 +0200,online
2020-09-21 15:18:02 +0200,online
2020-09-21 15:28:03 +0200,online
2020-09-21 15:38:03 +0200,online
2020-09-21 15:48:03 +0200,online
2020-09-21 15:58:03 +0200,online
2020-09-21 16:08:03 +0200,online
2020-09-21 16:18:03 +0200,online
2020-09-21 16:28:03 +0200,online
2020-09-21 16:38:03 +0200,online
2020-09-21 16:48:03 +0200,online
2020-09-21 16:58:03 +0200,online
2020-09-21 17:08:03 +0200,online
2020-09-21 17:18:03 +0200,online
2020-09-21 17:28:03 +0200,online
2020-09-21 17:38:03 +0200,online
2020-09-21 17:48:03 +0200,online
2020-09-21 17:58:03 +0200,online
2020-09-21 18:08:04 +0200,online
2020-09-21 18:18:04 +0200,online
2020-09-21 18:28:04 +0200,online
2020-09-21 18:38:04 +0200,online
2020-09-21 18:48:04 +0200,online
2020-09-21 18:58:04 +0200,online
2020-09-21 19:08:04 +0200,online
2020-09-21 19:18:04 +0200,online
2020-09-21 19:28:04 +0200,online
2020-09-21 19:38:04 +0200,online
2020-09-21 19:48:04 +0200,online
2020-09-21 19:58:04 +0200,online
2020-09-21 20:08:04 +0200,online
2020-09-21 20:18:04 +0200,online
2020-09-21 20:28:04 +0200,online
2020-09-21 20:38:04 +0200,online
2020-09-21 20:48:05 +0200,online
2020-09-21 20:58:05 +0200,online
2020-09-21 21:08:05 +0200,online
2020-09-21 21:18:05 +0200,online
2020-09-21 21:28:05 +0200,online
2020-09-21 21:38:05 +0200,online
2020-09-21 21:48:05 +0200,online
2020-09-21 21:58:05 +0200,online
2020-09-21 22:08:05 +0200,online
2020-09-21 22:18:05 +0200,online
2020-09-21 22:28:05 +0200,online
2020-09-21 22:38:05 +0200,online
2020-09-21 22:48:05 +0200,online
2020-09-21 22:58:05 +0200,online
2020-09-21 23:08:05 +0200,online
2020-09-21 23:18:06 +0200,online
2020-09-21 23:28:06 +0200,online
2020-09-21 23:38:06 +0200,online
2020-09-21 23:48:06 +0200,online
2020-09-21 23:58:06 +0200,online
2020-09-22 00:08:06 +0200,online
2020-09-22 00:18:06 +0200,online
2020-09-22 00:28:06 +0200,online
2020-09-22 00:38:06 +0200,online
2020-09-22 00:48:06 +0200,online
2020-09-22 00:58:06 +0200,online
2020-09-22 01:08:06 +0200,online
2020-09-22 01:18:06 +0200,online
2020-09-22 01:28:06 +0200,online
2020-09-22 01:38:06 +0200,online
2020-09-22 01:48:06 +0200,online
2020-09-22 01:58:07 +0200,online
2020-09-22 02:08:07 +0200,online
2020-09-22 02:18:07 +0200,online
2020-09-22 02:28:07 +0200,online
2020-09-22 02:38:07 +0200,online
2020-09-22 02:48:07 +0200,online
2020-09-22 02:58:07 +0200,online
2020-09-22 03:08:07 +0200,online
2020-09-22 03:18:07 +0200,online
2020-09-22 03:28:07 +0200,online
2020-09-22 03:38:07 +0200,online
2020-09-22 03:48:07 +0200,online
2020-09-22 03:58:07 +0200,online
2020-09-22 04:08:07 +0200,online
2020-09-22 04:18:07 +0200,online
2020-09-22 04:28:07 +0200,online
2020-09-22 04:38:08 +0200,online
2020-09-22 04:48:08 +0200,online
2020-09-22 04:58:08 +0200,online
2020-09-22 05:08:08 +0200,online
2020-09-22 05:18:08 +0200,online
2020-09-22 05:28:08 +0200,online
2020-09-22 05:38:08 +0200,online
2020-09-22 05:48:08 +0200,online
2020-09-22 05:58:08 +0200,online
2020-09-22 06:08:08 +0200,online
2020-09-22 06:18:08 +0200,online
2020-09-22 06:28:08 +0200,online
2020-09-22 06:38:08 +0200,online
2020-09-22 06:48:08 +0200,online
2020-09-22 06:58:08 +0200,online
2020-09-22 07:08:08 +0200,online
2020-09-22 07:18:09 +0200,online
2020-09-22 07:28:09 +0200,online
2020-09-22 07:38:09 +0200,online
2020-09-22 07:48:09 +0200,online
2020-09-22 07:58:09 +0200,online
2020-09-22 08:08:09 +0200,online
2020-09-22 08:18:09 +0200,online
2020-09-22 08:28:09 +0200,online
2020-09-22 08:38:11 +0200,online
2020-09-22 08:48:09 +0200,online
2020-09-22 08:58:09 +0200,online
2020-09-22 09:08:09 +0200,online
2020-09-22 09:18:09 +0200,online
2020-09-22 09:28:09 +0200,online
2020-09-22 09:38:09 +0200,online
2020-09-22 09:48:10 +0200,online
2020-09-22 09:58:10 +0200,online
2020-09-22 10:08:10 +0200,online
2020-09-22 10:18:10 +0200,online
2020-09-22 10:28:10 +0200,online
2020-09-22 10:38:10 +0200,online
2020-09-22 10:48:10 +0200,online
2020-09-22 10:58:10 +0200,online
2020-09-22 11:08:10 +0200,online
2020-09-22 11:18:10 +0200,online
2020-09-22 11:28:10 +0200,online
2020-09-22 11:38:10 +0200,online
2020-09-22 11:48:10 +0200,online
2020-09-22 11:58:10 +0200,online
